,Extractor,Classifier,mean_accuracy,std_accuracy,mean_precision,std_precision,mean_recall,std_recall,mean_f1,std_f1,mean_roc_auc,std_roc_auc
0,HUM,SVM,0.5553333333333332,0.00840965054102858,0.5413125711288032,0.008264039466163518,0.7346666666666668,0.06438944012802099,0.621847065613229,0.020805127163623024,0.57463,0.010587846427640919
1,HUM,RandomForest,0.5515,0.01439907404430343,0.5462084463447721,0.0124288101731027,0.6066666666666667,0.02641548367487862,0.574744866968885,0.017996914593904904,0.5659388888888889,0.012703564436122486
2,HUM,KNN,0.5256666666666667,0.016777961735562525,0.5252518382484108,0.016337330742386424,0.5333333333333334,0.021213203435596427,0.5291956997732731,0.017952595632510802,0.5397547222222222,0.01588207523387819
