Feature,Modelo,Acuracia,Precisao,Recall,F1,AUC,EER
LBPH,SVM,0.5285,0.5187376725838264,0.789,0.6259420864736216,0.5543415555555555,0.46299999999999997
LBPH,KNN,0.5158333333333334,0.5149042987135237,0.547,0.5304671084532083,0.5242408333333333,0.48416666666666663
LBPH,RF,0.5346666666666666,0.5354948805460751,0.523,0.5291736930860034,0.5438571666666666,0.4653333333333333
HOG,SVM,0.6503333333333333,0.6486486486486487,0.656,0.6523036128604575,0.7091332777777777,0.3495
HOG,KNN,0.5206666666666667,0.5108467459762072,0.9733333333333334,0.6700321248279028,0.6112200555555556,0.3988333333333333
HOG,RF,0.6711666666666667,0.6874771814530851,0.6276666666666667,0.6562118836034152,0.726747,0.33366666666666667
HUM,SVM,0.546,0.5311091073038774,0.7853333333333333,0.633674018289403,0.5734735555555556,0.44766666666666666
HUM,KNN,0.5025,0.5024469820554649,0.5133333333333333,0.5078318219291014,0.503585888888889,0.4975
HUM,RF,0.5355,0.535511837279093,0.5353333333333333,0.5354225704284047,0.5450261666666667,0.4645
